time,yes_price,contracts,taker
2026-10-07T01:04:29.112041Z,0.0100,240.56,no
2026-10-07T01:04:29.417475Z,0.0200,69.00,yes
2026-10-07T01:04:29.600452Z,0.0200,93.58,yes
2026-10-07T01:04:40.5917Z,0.0100,2016.96,no
2026-10-07T01:04:43.594096Z,0.0200,46.50,yes
2026-10-07T01:04:47.389727Z,0.0100,47.41,no
2026-10-07T01:04:54.495959Z,0.0200,93.50,yes
2026-10-07T01:04:58.003521Z,0.0100,8.00,no
2026-10-07T01:04:58.393357Z,0.0100,64.71,no
2026-10-07T01:05:01.5604Z,0.0100,5.52,no
2026-10-07T01:05:01.939609Z,0.0100,616.84,no
2026-10-07T01:05:01.939609Z,0.0100,4427.39,no
2026-10-07T01:05:02.960346Z,0.0100,9.47,no
2026-10-07T01:05:13.617845Z,0.0200,46.79,yes
2026-10-07T01:05:14.430821Z,0.0200,46.79,yes
2026-10-07T01:05:16.475721Z,0.0200,46.79,yes
2026-10-07T01:05:28.558961Z,0.0100,500.00,no
2026-10-07T01:05:44.495775Z,0.0100,123.58,no
2026-10-07T01:05:53.347514Z,0.0200,96.00,yes
2026-10-07T01:06:03.018725Z,0.0200,467.90,yes
2026-10-07T01:06:11.42635Z,0.0200,46.79,yes
2026-10-07T01:06:21.412704Z,0.0100,10.05,no
2026-10-07T01:06:23.583047Z,0.0100,16.85,no
2026-10-07T01:06:28.369094Z,0.0100,235.49,no
2026-10-07T01:06:34.403994Z,0.0200,233.95,yes
2026-10-07T01:06:38.093138Z,0.0100,204.59,no
2026-10-07T01:06:41.16248Z,0.0100,3.12,no
2026-10-07T01:06:43.289677Z,0.0100,2.00,no
2026-10-07T01:06:43.289677Z,0.0100,1.00,no
2026-10-07T01:06:43.289677Z,0.0100,0.12,no
2026-10-07T01:06:43.289735Z,0.0100,16.85,no
2026-10-07T01:06:43.289904Z,0.0100,123.58,no
2026-10-07T01:06:43.289955Z,0.0100,9.47,no
2026-10-07T01:06:43.289979Z,0.0100,10.05,no
2026-10-07T01:06:43.289991Z,0.0100,235.49,no
2026-10-07T01:06:43.290126Z,0.0100,65.40,no
2026-10-07T01:06:43.290126Z,0.0100,980.52,no
2026-10-07T01:06:43.290126Z,0.0100,12.00,no
2026-10-07T01:06:43.290126Z,0.0100,120.00,no
2026-10-07T01:06:43.290126Z,0.0100,1000.00,no
2026-10-07T01:06:43.290126Z,0.0100,39.92,no
2026-10-07T01:06:43.290126Z,0.0100,100.00,no
2026-10-07T01:06:43.290126Z,0.0100,1000.00,no
2026-10-07T01:06:43.290126Z,0.0100,5.00,no
2026-10-07T01:06:43.290126Z,0.0100,0.11,no
2026-10-07T01:06:43.290126Z,0.0100,500.00,no
2026-10-07T01:06:43.290126Z,0.0100,604.44,no
2026-10-07T01:06:43.290164Z,0.0100,500.00,no
2026-10-07T01:06:43.292698Z,0.0100,204.59,no
2026-10-07T01:06:59.913346Z,0.0100,467.59,yes
2026-10-07T01:07:15.81139Z,0.0100,23.37,yes
2026-10-07T01:07:17.670844Z,0.0100,46.75,yes
2026-10-07T01:07:19.928082Z,0.0100,13.00,yes
2026-10-07T01:07:42.9135Z,0.0100,13.00,yes
2026-10-07T01:07:43.238115Z,0.0100,467.59,yes
2026-10-07T01:08:10.489236Z,0.0100,5.46,yes
2026-10-07T01:08:17.899799Z,0.0100,467.59,yes
2026-10-07T01:08:26.766035Z,0.0100,467.59,yes
2026-10-07T01:08:38.173201Z,0.0100,93.51,yes
2026-10-07T01:09:32.554918Z,0.0100,28.05,yes
2026-10-07T01:09:40.000587Z,0.0100,6.54,yes
2026-10-07T01:11:05.005499Z,0.0100,4.00,yes
2026-10-07T01:11:29.919882Z,0.0100,93.51,yes
2026-10-07T01:11:43.607227Z,0.0100,93.51,yes
2026-10-07T01:12:09.992569Z,0.0100,101.00,yes
2026-10-07T01:12:09.992569Z,0.0100,113.06,yes
2026-10-07T01:12:09.992569Z,0.0100,16.00,yes
2026-10-07T01:12:09.992569Z,0.0100,1345.94,yes
2026-10-07T01:12:09.992569Z,0.0100,124.00,yes
2026-10-07T01:13:10.755117Z,0.0100,0.93,yes
2026-10-07T01:13:46.959944Z,0.0100,141.01,yes
2026-10-07T01:13:46.959944Z,0.0100,326.58,yes
2026-10-07T01:15:53.132206Z,0.0100,166.33,yes
2026-10-07T01:17:22.480561Z,0.0100,93.51,yes
2026-10-07T01:18:08.24887Z,0.0100,9.35,yes
2026-10-07T01:18:12.528219Z,0.0100,84.28,yes
2026-10-07T01:18:12.528219Z,0.0100,9.23,yes
2026-10-07T01:18:16.217786Z,0.0100,93.51,yes
2026-10-07T01:19:16.277845Z,0.0100,93.51,yes
2026-10-07T01:19:30.054463Z,0.0100,280.55,yes
2026-10-07T01:20:21.018663Z,0.0100,467.59,yes
2026-10-07T01:28:48.31458Z,0.0100,93.51,yes
