minute_end,bid_high,bid_close,ask_low,ask_close,last,volume
2026-10-02T19:58:00+00:00,0.12,0.01,0.02,0.02,0.02,4436.17
2026-10-02T19:59:00+00:00,0.01,0.01,0.02,0.02,0.02,480.92
2026-10-02T20:00:00+00:00,0.02,0.01,0.02,0.03,0.02,75.28
2026-10-02T20:01:00+00:00,0.02,0.01,0.02,0.02,0.01,2632.67
2026-10-02T20:02:00+00:00,0.01,0.0,0.01,0.01,0.01,3647.98
2026-10-02T20:03:00+00:00,0.0,0.0,0.01,0.01,,0.00
2026-10-02T20:04:00+00:00,0.0,0.0,0.01,0.01,,0.00
2026-10-02T20:05:00+00:00,0.0,0.0,0.01,0.01,,0.00
2026-10-02T20:06:00+00:00,0.0,0.0,0.01,0.01,0.01,935.19
